ID;Giocatore;Ruolo;Ruolo2;Squadra;Q.Iniziale;Q.Attuale;+/-
100;AUDERO E.;P;P;CREMONESE;1,1;1,1;0
103;BUTEZ J.;P;P;COMO;16,4;16,4;0
104;CAPRILE E.;P;P;CAGLIARI;23,4;23,4;0
105;CARNESECCHI M.;P;P;ATALANTA;36,4;36,4;0
107;CONTINI N.;P;P;NAPOLI;1,1;1,1;0
108;CORVI E.;P;P;PARMA;1,1;1,1;0
109;DAJCAR M.;P;P;ATALANTA;1,1;1,1;0
110;DE GEA D.;P;P;FIORENTINA;34,4;34,4;0
111;DI GENNARO R.;P;P;INTER;1,1;1,1;0
112;DI GREGORIO M.;P;P;JUVENTUS;39,4;39,4;0
114;FALCONE W.;P;P;LECCE;17,4;17,4;0
115;FRUCHTL C.;P;P;LECCE;1,1;1,1;0
117;FURLANETTO A.;P;P;LAZIO;1,1;1,1;0
118;GOLLINI P.;P;P;ROMA;1,1;1,1;0
119;ILIEV V.;P;P;CAGLIARI;1,1;1,1;0
167;ISRAEL F.;P;P;TORINO;22,4;22,4;0
120;LEALI N.;P;P;GENOA;20,4;20,4;0
169;LEZZERINI L.;P;P;FIORENTINA;1,1;1,1;0
121;LORIA L.;P;P;PISA;1,1;1,1;0
122;MAGRO F.;P;P;VERONA;1,1;1,1;0
123;MAIGNAN M.;P;P;MILAN;39,4;39,4;0
124;MALOVEC A.;P;P;CREMONESE;1,1;1,1;0
125;MANDAS C.;P;P;LAZIO;1,1;1,1;0
127;MARTINELLI T.;P;P;FIORENTINA;1,1;1,1;0
128;MARTINEZ J.;P;P;INTER;1,1;1,1;0
129;MERET A.;P;P;NAPOLI;41,4;41,4;0
130;MILINKOVIC V.;P;P;NAPOLI;32,4;32,4;0
131;MONTIPO L.;P;P;VERONA;17,4;17,4;0
133;NAVA L.;P;P;CREMONESE;1,1;1,1;0
166;NICOLAS;P;P;PISA;1,1;1,1;0
168;NUNZIANTE A.;P;P;UDINESE;1,1;1,1;0
134;OKOYE M.;P;P;UDINESE;1,1;1,1;0
135;PADELLI D.;P;P;UDINESE;1,1;1,1;0
136;PALEARI A.;P;P;TORINO;1,1;1,1;0
137;PERILLI S.;P;P;VERONA;1,1;1,1;0
138;PERIN M.;P;P;JUVENTUS;1,1;1,1;0
139;PESSINA M.;P;P;BOLOGNA;1,1;1,1;0
141;PINSOGLIO C.;P;P;JUVENTUS;1,1;1,1;0
171;POPA M.;P;P;TORINO;1,1;1,1;0
142;PROVEDEL I.;P;P;LAZIO;30,4;30,4;0
143;RADUNOVIC B.;P;P;CAGLIARI;1,1;1,1;0
144;RAVAGLIA F.;P;P;BOLOGNA;1,1;1,1;0
170;RINALDI F.;P;P;PARMA;1,1;1,1;0
145;ROSSI F.;P;P;ATALANTA;1,1;1,1;0
146;RUSSO A.;P;P;SASSUOLO;1,1;1,1;0
147;SAMOOJA J.;P;P;LECCE;1,1;1,1;0
148;SARO G.;P;P;CREMONESE;1,1;1,1;0
149;SATALINO G.;P;P;SASSUOLO;1,1;1,1;0
150;SAVA R.;P;P;UDINESE;17,4;17,4;0
151;SCUFFET S.;P;P;PISA;1,1;1,1;0
152;SEMPER A.;P;P;PISA;15,4;15,4;0
154;SIEGRIST B.;P;P;GENOA;1,1;1,1;0
155;SKORUPSKI L.;P;P;BOLOGNA;27,4;27,4;0
156;SOMMARIVA D.;P;P;GENOA;1,1;1,1;0
157;SOMMER Y.;P;P;INTER;40,4;40,4;0
158;SPORTIELLO M.;P;P;ATALANTA;1,1;1,1;0
159;SUZUKI Z.;P;P;PARMA;23,4;23,4;0
160;SVILAR M.;P;P;ROMA;37,4;37,4;0
161;TERRACCIANO P.;P;P;MILAN;1,1;1,1;0
162;TORRIANI L.;P;P;MILAN;1,1;1,1;0
163;TURATI S.;P;P;SASSUOLO;16,4;16,4;0
164;VASQUEZ D.;P;P;ROMA;4,1;4,1;0
165;VIGORITO M.;P;P;COMO;1,1;1,1;0
201;ACERBI F.;D;D;INTER;25,3;25,3;0
202;AHANOR H.;D;D;ATALANTA;14,3;14,3;0
204;ALEXIOU C.;D;D;INTER;1,2;1,2;0
205;ANGELINO J.;D;D;ROMA;28,3;28,3;0
206;ANGORI S.;D;D;PISA;7,2;7,2;0
208;BAKKER M.;D;D;ATALANTA;9,2;9,2;0
209;BALOGH B.;D;D;PARMA;6,2;6,2;0
211;BARBIERI T.;D;D;CREMONESE;14,3;14,3;0
212;BARTESAGHI D.;D;D;MILAN;1,2;1,2;0
213;BASCHIROTTO F.;D;D;CREMONESE;18,3;18,3;0
214;BASTONI A.;D;D;INTER;34,3;34,3;0
215;BELLANOVA R.;D;D;ATALANTA;35,3;35,3;0
426;BERNASCONI L.;D;D;ATALANTA;1,2;1,2;0
216;BERTOLA N.;D;D;UDINESE;14,3;14,3;0
217;BEUKEMA S.;D;D;NAPOLI;28,3;28,3;0
218;BIANCHETTI M.;D;D;CREMONESE;12,3;12,3;0
219;BIRAGHI C.;D;D;TORINO;23,3;23,3;0
220;BISSECK Y.;D;D;INTER;12,3;12,3;0
221;BONFANTI G.;D;D;ATALANTA;7,2;7,2;0
222;BONIFAZI K.;D;D;BOLOGNA;2,2;2,2;0
427;BRADARIC D.;D;D;VERONA;8,2;8,2;0
223;BREMER G.;D;D;JUVENTUS;35,3;35,3;0
224;BUONGIORNO A.;D;D;NAPOLI;35,3;35,3;0
225;CABAL J.;D;D;JUVENTUS;16,3;16,3;0
226;CALABRESE N.;D;D;VERONA;1,2;1,2;0
227;CALABRESI A.;D;D;PISA;8,2;8,2;0
228;CAMBIASO A.;D;D;JUVENTUS;30,3;30,3;0
432;CANDE F.;D;D;SASSUOLO;6,2;6,2;0
229;CANESTRELLI S.;D;D;PISA;4,2;4,2;0
230;CARACCIOLO A.;D;D;PISA;6,2;6,2;0
231;CARLOS AUGUSTO;D;D;INTER;24,3;24,3;0
232;CASALE N.;D;D;BOLOGNA;16,3;16,3;0
233;CECCHERINI F.;D;D;CREMONESE;13,3;13,3;0
234;CELIK Z.;D;D;ROMA;15,3;15,3;0
235;CIRCATI A.;D;D;PARMA;7,2;7,2;0
237;COCCHI M.;D;D;INTER;1,2;1,2;0
238;COCO S.;D;D;TORINO;21,3;21,3;0
239;COMI P.;D;D;ATALANTA;1,2;1,2;0
240;COMUZZO P.;D;D;FIORENTINA;19,3;19,3;0
241;CORAZZA T.;D;D;BOLOGNA;2,2;2,2;0
244;DARMIAN M.;D;D;INTER;23,3;23,3;0
245;DE SILVESTRI L.;D;D;BOLOGNA;8,2;8,2;0
246;DE VRIJ S.;D;D;INTER;25,3;25,3;0
247;DE WINTER K.;D;D;GENOA;17,3;17,3;0
248;DEL PRATO E.;D;D;PARMA;19,3;19,3;0
249;DEMBELE' A.;D;D;TORINO;6,2;6,2;0
413;DENOON D.;D;D;PISA;3,2;3,2;0
250;DI LORENZO G.;D;D;NAPOLI;37,3;37,3;0
251;DIMARCO F.;D;D;INTER;37,3;37,3;0
252;DJALO T.;D;D;JUVENTUS;2,2;2,2;0
253;DJIMSITI B.;D;D;ATALANTA;27,3;27,3;0
411;DODO;D;D;FIORENTINA;29,3;29,3;0
254;DOIG J.;D;D;SASSUOLO;14,3;14,3;0
255;DOSSENA A.;D;D;COMO;12,3;12,3;0
256;DUMFRIES D.;D;D;INTER;38,3;38,3;0
257;EBOSSE E.;D;D;VERONA;5,2;5,2;0
258;EHIZIBUE K.;D;D;UDINESE;15,3;15,3;0
262;ESTEVES T.;D;D;PISA;8,2;8,2;0
416;ESTUPINAN P.;D;D;MILAN;26,3;26,3;0
277;FACUNDO GONZALEZ;D;D;JUVENTUS;4,2;4,2;0
263;FLORIANI MUSSOLINI;D;D;CREMONESE;5,2;5,2;0
264;FOLINO F.;D;D;CREMONESE;7,2;7,2;0
428;FORTINI N.;D;D;FIORENTINA;1,2;1,2;0
265;FRESE M.;D;D;VERONA;8,2;8,2;0
266;GABBIA M.;D;D;MILAN;23,3;23,3;0
267;GABRIEL T.;D;D;LECCE;3,2;3,2;0
268;GALLO A.;D;D;LECCE;17,3;17,3;0
269;GASPAR K.;D;D;LECCE;16,3;16,3;0
270;GATTI F.;D;D;JUVENTUS;31,3;31,3;0
271;GHILARDI D.;D;D;ROMA;15,3;15,3;0
272;GIANNETTI L.;D;D;UDINESE;14,3;14,3;0
273;GIGOT S.;D;D;LAZIO;15,3;15,3;0
274;GILA M.;D;D;LAZIO;26,3;26,3;0
275;GODFREY B.;D;D;ATALANTA;4,2;4,2;0
429;GOGLICHIDZE S.;D;D;UDINESE;6,2;6,2;0
276;GOLDANIGA E.;D;D;COMO;13,3;13,3;0
278;GOSENS Robin;D;D;FIORENTINA;33,3;33,3;0
279;GUILBERT F.;D;D;LECCE;9,2;9,2;0
281;HERMOSO M.;D;D;ROMA;10,3;10,3;0
282;HIEN I.;D;D;ATALANTA;19,3;19,3;0
283;HOLM E.;D;D;BOLOGNA;17,3;17,3;0
284;HYSAJ E.;D;D;LAZIO;9,2;9,2;0
285;IDRISSI R.;D;D;CAGLIARI;1,2;1,2;0
433;IDZES J.;D;D;SASSUOLO;15,3;15,3;0
286;ILIC M.;D;D;BOLOGNA;3,2;3,2;0
287;IOANNOU N.;D;D;COMO;2,2;2,2;0
288;ISMAJLI A.;D;D;TORINO;18,3;18,3;0
417;JACK F.;D;D;COMO;2,2;2,2;0
289;JEAN G.;D;D;LECCE;3,2;3,2;0
290;JESUS J.;D;D;NAPOLI;14,3;14,3;0
291;JIMENEZ A.;D;D;MILAN;17,3;17,3;0
292;KABASELE C.;D;D;UDINESE;12,3;12,3;0
293;KALULU P.;D;D;JUVENTUS;27,3;27,3;0
294;KAMARA H.;D;D;UDINESE;16,3;16,3;0
295;KELLY L.;D;D;JUVENTUS;13,3;13,3;0
296;KEMPF M.;D;D;COMO;16,3;16,3;0
297;KOLASINAC S.;D;D;ATALANTA;20,3;20,3;0
412;KOSPO E.;D;D;FIORENTINA;1,2;1,2;0
298;KOSSOUNOU O.;D;D;ATALANTA;23,3;23,3;0
299;KOUASSI T.;D;D;LECCE;6,2;6,2;0
300;KRISTENSEN T.;D;D;UDINESE;12,3;12,3;0
301;KUMBULLA M.;D;D;ROMA;10,3;10,3;0
302;KUMER CELIK;D;D;GENOA;1,2;1,2;0
303;KURTI A.;D;D;VERONA;1,2;1,2;0
304;LAZARO V.;D;D;TORINO;23,3;23,3;0
305;LAZZARI M.;D;D;LAZIO;15,3;15,3;0
306;LEONI G.;D;D;PARMA;18,3;18,3;0
307;LOVIK M.;D;D;PARMA;6,2;6,2;0
309;LUCUMI J.;D;D;BOLOGNA;26,3;26,3;0
310;LUIS HENRIQUE;D;D;INTER;22,3;22,3;0
311;LUPERTO S.;D;D;CAGLIARI;22,3;22,3;0
312;LUSARDI M.;D;D;PISA;4,2;4,2;0
313;LYKOGIANNIS C.;D;D;BOLOGNA;14,3;14,3;0
314;MANCINI G.;D;D;ROMA;29,3;29,3;0
315;MARCANDALLI A.;D;D;GENOA;2,2;2,2;0
316;MARI P.;D;D;FIORENTINA;18,3;18,3;0
317;MARIANUCCI L.;D;D;NAPOLI;5,2;5,2;0
418;MARIO J.;D;D;JUVENTUS;15,3;15,3;0
318;MARIPAN G.;D;D;TORINO;19,3;19,3;0
319;MARTIN A.;D;D;GENOA;24,3;24,3;0
320;MARUSIC A.;D;D;LAZIO;19,3;19,3;0
321;MASINA A.;D;D;TORINO;14,3;14,3;0
322;MAZZOCCHI P.;D;D;NAPOLI;11,3;11,3;0
323;MBAMBI J.;D;D;PISA;5,2;5,2;0
324;MINA Y.;D;D;CAGLIARI;20,3;20,3;0
325;MIRANDA J.;D;D;BOLOGNA;24,3;24,3;0
326;MISSORI F.;D;D;SASSUOLO;1,2;1,2;0
327;MODESTO R.;D;D;UDINESE;9,2;9,2;0
328;MORENO A.;D;D;COMO;11,3;11,3;0
329;MORENO M.;D;D;FIORENTINA;6,2;6,2;0
330;MORETTI L.;D;D;CREMONESE;8,2;8,2;0
331;MUHAREMOVIC T.;D;D;SASSUOLO;12,3;12,3;0
419;NDABA C.;D;D;LECCE;4,2;4,2;0
430;NDIAYE E.;D;D;PARMA;5,2;5,2;0
332;NDICKA E.;D;D;ROMA;27,3;27,3;0
333;NORTON-CUFFY B.;D;D;GENOA;16,3;16,3;0
420;NUNEZ U.;D;D;VERONA;10,3;10,3;0
334;NUNO TAVARES;D;D;LAZIO;32,3;32,3;0
335;OBERT A.;D;D;CAGLIARI;10,3;10,3;0
336;ODENTHAL C.;D;D;SASSUOLO;15,3;15,3;0
337;OLIVERA M.;D;D;NAPOLI;22,3;22,3;0
421;OSTIGARD L.;D;D;GENOA;8,2;8,2;0
431;OTOA S.;D;D;GENOA;2,2;2,2;0
338;OYEGOKE D.;D;D;VERONA;5,2;5,2;0
339;PALACIOS T.;D;D;INTER;2,2;2,2;0
340;PALESTRA M.;D;D;ATALANTA;1,2;1,2;0
414;PALMA M.;D;D;UDINESE;1,2;1,2;0
341;PARISI F.;D;D;FIORENTINA;15,3;15,3;0
342;PATRIC G.;D;D;LAZIO;7,2;7,2;0
344;PAVARD B.;D;D;INTER;28,3;28,3;0
345;PAVLOVIC S.;D;D;MILAN;26,3;26,3;0
346;PAZ Y.;D;D;SASSUOLO;6,2;6,2;0
347;PEDERSEN M.;D;D;TORINO;17,3;17,3;0
348;PEHLIVANOV C.;D;D;LECCE;1,2;1,2;0
349;PELLEGRINI Lu.;D;D;LAZIO;17,3;17,3;0
415;PEREZ M.;D;D;LECCE;1,2;1,2;0
422;PEZZELLA GI.;D;D;CREMONESE;14,3;14,3;0
350;PICKEL C.;D;D;CREMONESE;14,3;14,3;0
351;PIERAGNOLO E.;D;D;SASSUOLO;8,2;8,2;0
352;PONGRACIC M.;D;D;FIORENTINA;15,3;15,3;0
353;POSCH S.;D;D;BOLOGNA;17,3;17,3;0
354;PROVSTGAARD O.;D;D;LAZIO;5,2;5,2;0
423;RAMON J.;D;D;COMO;5,2;5,2;0
356;RANIERI L.;D;D;FIORENTINA;18,3;18,3;0
358;RE CECCONI G.;D;D;INTER;1,2;1,2;0
359;RENSCH D.;D;D;ROMA;18,3;18,3;0
360;ROBERTO S.;D;D;COMO;14,3;14,3;0
361;ROCCHETTI Y.;D;D;CREMONESE;2,2;2,2;0
362;ROMAGNA F.;D;D;SASSUOLO;12,3;12,3;0
363;ROMAGNOLI A.;D;D;LAZIO;27,3;27,3;0
364;ROUHI J.;D;D;JUVENTUS;1,2;1,2;0
365;RRAHMANI A.;D;D;NAPOLI;26,3;26,3;0
366;RUGANI D.;D;D;JUVENTUS;8,2;8,2;0
367;RUS A.;D;D;PISA;4,2;4,2;0
368;SABELLI S.;D;D;GENOA;17,3;17,3;0
369;SALA M.;D;D;COMO;5,2;5,2;0
370;SALAH-EDDINE A.;D;D;ROMA;7,2;7,2;0
371;SANGARE' B.;D;D;ROMA;1,2;1,2;0
372;SAVONA N.;D;D;JUVENTUS;20,3;20,3;0
373;SAZONOV S.;D;D;TORINO;4,2;4,2;0
374;SCALVINI G.;D;D;ATALANTA;24,3;24,3;0
375;SCHUURS P.;D;D;TORINO;2,2;2,2;0
376;SCOTT E.;D;D;LECCE;1,2;1,2;0
377;SERNICOLA L.;D;D;CREMONESE;6,2;6,2;0
378;SLOTSAGER T.;D;D;VERONA;2,2;2,2;0
379;SMOLCIC I.;D;D;COMO;8,2;8,2;0
380;SOLET O.;D;D;UDINESE;20,3;20,3;0
381;SPINAZZOLA L.;D;D;NAPOLI;24,3;24,3;0
383;SUSSI C.;D;D;PISA;1,2;1,2;0
384;TCHATCHOUA J.;D;D;VERONA;18,3;18,3;0
385;TERRACCIANO F.;D;D;CREMONESE;7,2;7,2;0
386;THIAW M.;D;D;MILAN;21,3;21,3;0
387;TOMORI F.;D;D;MILAN;26,3;26,3;0
388;TOURE I.;D;D;UDINESE;13,3;13,3;0
389;TRABUCCHI N.;D;D;PARMA;1,2;1,2;0
390;TRESSOLDI R.;D;D;SASSUOLO;4,2;4,2;0
391;VALENTI L.;D;D;PARMA;8,2;8,2;0
392;VALENTINI N.;D;D;VERONA;6,2;6,2;0
393;VALERI E.;D;D;PARMA;21,3;21,3;0
394;VALLE A.;D;D;COMO;15,3;15,3;0
395;VAN DER BREMPT I.;D;D;COMO;11,3;11,3;0
396;VASQUEZ J.;D;D;GENOA;25,3;25,3;0
397;VEIGA D.;D;D;LECCE;11,3;11,3;0
398;VEROLI D.;D;D;CAGLIARI;2,2;2,2;0
399;VITI M.;D;D;FIORENTINA;18,3;18,3;0
400;VITIK M.;D;D;BOLOGNA;24,3;24,3;0
401;VOGLIACCO A.;D;D;GENOA;11,3;11,3;0
402;VOJVODA M.;D;D;COMO;17,3;17,3;0
403;WALUKIEWICZ S.;D;D;SASSUOLO;11,3;11,3;0
424;WESLEY;D;D;ROMA;16,3;16,3;0
425;YELLU S.;D;D;VERONA;6,2;6,2;0
405;ZAIA E.;D;D;TORINO;1,2;1,2;0
406;ZANOLI A.;D;D;NAPOLI;16,3;16,3;0
407;ZAPPA G.;D;D;CAGLIARI;21,3;21,3;0
408;ZAPPACOSTA D.;D;D;ATALANTA;28,3;28,3;0
409;ZEMURA J.;D;D;UDINESE;14,3;14,3;0
410;ZORTEA N.;D;D;CAGLIARI;32,3;32,3;0
500;ABILDGAARD O.;C;C;COMO;4,3;4,3;0
501;ADLI Y.;C;C;MILAN;16,2;16,2;0
502;ADOPO M.;C;C;CAGLIARI;18,2;18,2;0
503;ADZIC V.;C;C;JUVENTUS;1,3;1,3;0
504;AEBISCHER M.;C;C;PISA;16,2;16,2;0
700;AKINSANMIRO E.;C;C;PISA;4,3;4,3;0
505;ALLI D.;C;C;COMO;15,2;15,2;0
506;AMATUCCI L.;C;C;FIORENTINA;1,3;1,3;0
507;ANGUISSA A.;C;C;NAPOLI;29,2;29,2;0
508;ANJORIN T.;C;C;TORINO;20,2;20,2;0
509;ARTHUR;C;C;JUVENTUS;13,2;13,2;0
510;ASLLANI K.;C;C;INTER;11,2;11,2;0
511;ATTA A.;C;C;UDINESE;16,2;16,2;0
512;BALDANZI T.;C;C;ROMA;28,2;28,2;0
514;BALLET S.;C;C;COMO;2,3;2,3;0
515;BARAK A.;C;C;FIORENTINA;15,2;15,2;0
516;BARELLA N.;C;C;INTER;49,2;49,2;0
517;BASIC T.;C;C;LAZIO;4,3;4,3;0
518;BATURINA M.;C;C;COMO;21,2;21,2;0
519;BELAHYANE R.;C;C;LAZIO;14,2;14,2;0
520;BENNACER I.;C;C;MILAN;17,2;17,2;0
521;BERENBRUCH T.;C;C;INTER;1,3;1,3;0
522;BERISHA M.;C;C;LECCE;10,2;10,2;0
523;BERNABE A.;C;C;PARMA;24,2;24,2;0
698;BERNARDESCHI F.;C;C;BOLOGNA;29,2;29,2;0
524;BERNEDE A.;C;C;VERONA;14,2;14,2;0
525;BIANCO A.;C;C;FIORENTINA;6,3;6,3;0
526;BOHINEN E.;C;C;GENOA;5,3;5,3;0
527;BOLOCA D.;C;C;SASSUOLO;18,2;18,2;0
528;BONDO W.;C;C;CREMONESE;15,2;15,2;0
530;BRESCIANINI M.;C;C;ATALANTA;29,2;29,2;0
533;CACCIAMANI A.;C;C;TORINO;1,3;1,3;0
534;CAJUSTE J.;C;C;NAPOLI;4,3;4,3;0
535;CALHANOGLU H.;C;C;INTER;48,2;48,2;0
536;CALIGARA F.;C;C;SASSUOLO;3,3;3,3;0
537;CAQUERET M.;C;C;COMO;24,2;24,2;0
538;CARBONI V.;C;C;GENOA;15,2;15,2;0
539;CASADEI C.;C;C;TORINO;26,2;26,2;0
540;CASSA F.;C;C;ATALANTA;1,3;1,3;0
541;CASTAGNETTI M.;C;C;CREMONESE;19,2;19,2;0
542;CATALDI D.;C;C;LAZIO;16,2;16,2;0
543;CAVUOTI N.;C;C;CAGLIARI;1,3;1,3;0
544;CHARLYS M.;C;C;VERONA;2,3;2,3;0
545;CHUKWUEZE S.;C;C;MILAN;27,2;27,2;0
546;COLLOCOLO M.;C;C;CREMONESE;7,3;7,3;0
548;COULIBALY L.;C;C;LECCE;18,2;18,2;0
549;CRISTANTE B.;C;C;ROMA;30,2;30,2;0
550;CUENCA H.;C;C;GENOA;1,3;1,3;0
551;DA CUNHA L.;C;C;COMO;23,2;23,2;0
553;DE BRUYNE K.;C;C;NAPOLI;50,2;50,2;0
554;DE ROON M.;C;C;ATALANTA;29,2;29,2;0
555;DEIOLA A.;C;C;CAGLIARI;16,2;16,2;0
556;DELE-BASHIRU F.;C;C;LAZIO;20,2;20,2;0
557;DI PARDO A.;C;C;CAGLIARI;5,3;5,3;0
558;DOUGLAS LUIZ;C;C;JUVENTUS;24,2;24,2;0
559;EDERSON;C;C;ATALANTA;42,2;42,2;0
560;EKKELENKAMP J.;C;C;UDINESE;22,2;22,2;0
701;EL AYNAOUI N.;C;C;ROMA;24,2;24,2;0
561;EL AZZOUZI O.;C;C;BOLOGNA;6,3;6,3;0
562;EL SHAARAWY S.;C;C;ROMA;33,2;33,2;0
563;ELLERTSSON M.;C;C;GENOA;11,2;11,2;0
564;ENGELHARDT Y.;C;C;COMO;11,2;11,2;0
565;ESTEVEZ N.;C;C;PARMA;12,2;12,2;0
566;FABBIAN G.;C;C;BOLOGNA;27,2;27,2;0
567;FADERA A.;C;C;SASSUOLO;17,2;17,2;0
568;FAGIOLI N.;C;C;FIORENTINA;30,2;30,2;0
570;FATICANTI G.;C;C;JUVENTUS;1,3;1,3;0
571;FAZZINI J.;C;C;FIORENTINA;25,2;25,2;0
572;FERGUSON L.;C;C;BOLOGNA;36,2;36,2;0
573;FOFANA Y.;C;C;MILAN;32,2;32,2;0
574;FOLORUNSHO M.;C;C;CAGLIARI;20,2;20,2;0
575;FRATTESI D.;C;C;INTER;32,2;32,2;0
576;FRENDRUP M.;C;C;GENOA;31,2;31,2;0
577;FREULER R.;C;C;BOLOGNA;29,2;29,2;0
578;GAETANO G.;C;C;CAGLIARI;26,2;26,2;0
579;GHION A.;C;C;SASSUOLO;14,2;14,2;0
580;GILMOUR B.;C;C;NAPOLI;14,2;14,2;0
581;GINEITIS G.;C;C;TORINO;21,2;21,2;0
699;GRASSI A.;C;C;CREMONESE;8,3;8,3;0
582;GRONBAEK A.;C;C;GENOA;15,2;15,2;0
583;GUENDOUZI M.;C;C;LAZIO;31,2;31,2;0
584;HAINAUT A.;C;C;PARMA;15,2;15,2;0
586;HARROUI A.;C;C;VERONA;15,2;15,2;0
587;HASA L.;C;C;NAPOLI;2,3;2,3;0
588;HELGASON T.;C;C;LECCE;6,3;6,3;0
589;HERNANI A.;C;C;PARMA;20,2;20,2;0
590;HOJHOLT M.;C;C;PISA;15,2;15,2;0
591;IANNONI E.;C;C;SASSUOLO;12,2;12,2;0
592;ILIC I.;C;C;TORINO;17,2;17,2;0
593;ILKHAN E.;C;C;TORINO;2,3;2,3;0
594;INFANTINO G.;C;C;FIORENTINA;2,3;2,3;0
704;JASHARI A.;C;C;MILAN;30,2;30,2;0
595;JEVSENAK Z.;C;C;PISA;3,3;3,3;0
596;KABA M.;C;C;LECCE;9,3;9,3;0
597;KARLSTROM J.;C;C;UDINESE;16,2;16,2;0
598;KASTANOS G.;C;C;VERONA;14,2;14,2;0
599;KEITA M.;C;C;PARMA;19,2;19,2;0
601;KONE B.;C;C;COMO;2,3;2,3;0
702;KONE I.;C;C;SASSUOLO;17,2;17,2;0
602;KONE M.;C;C;ROMA;27,2;27,2;0
603;KOOPMEINERS T.;C;C;JUVENTUS;44,2;44,2;0
604;KOSTIC F.;C;C;JUVENTUS;11,2;11,2;0
606;KUMI J.;C;C;SASSUOLO;1,3;1,3;0
706;LAFONT G.;C;C;GENOA;1,3;1,3;0
608;LERIS M.;C;C;PISA;3,3;3,3;0
612;LIPANI L.;C;C;SASSUOLO;13,2;13,2;0
613;LOBOTKA S.;C;C;NAPOLI;25,2;25,2;0
614;LOCATELLI M.;C;C;JUVENTUS;32,2;32,2;0
615;LOFTUS-CHEEK R.;C;C;MILAN;34,2;34,2;0
616;LORDKIPANIDZE D.;C;C;CREMONESE;4,3;4,3;0
617;LOVRIC S.;C;C;UDINESE;28,2;28,2;0
618;MALDINI D.;C;C;ATALANTA;28,2;28,2;0
619;MALEH Y.;C;C;LECCE;11,2;11,2;0
620;MALINOVSKYI R.;C;C;GENOA;32,2;32,2;0
621;MANDRAGORA R.;C;C;FIORENTINA;36,2;36,2;0
622;MANZONI A.;C;C;ATALANTA;1,3;1,3;0
623;MARCHWINSKI F.;C;C;LECCE;12,2;12,2;0
624;MARIN M.;C;C;PISA;9,3;9,3;0
626;MASINI P.;C;C;GENOA;14,2;14,2;0
627;MAUCCI G.;C;C;PISA;5,3;5,3;0
703;MAZZITELLI L.;C;C;CAGLIARI;12,2;12,2;0
628;MCKENNIE W.;C;C;JUVENTUS;26,2;26,2;0
629;MCTOMINAY S.;C;C;NAPOLI;52,2;52,2;0
630;MESSIAS J.;C;C;GENOA;22,2;22,2;0
707;MILLER L.;C;C;UDINESE;4,3;4,3;0
631;MIRETTI F.;C;C;JUVENTUS;21,2;21,2;0
632;MITROVIC S.;C;C;VERONA;3,3;3,3;0
633;MKHITARYAN H.;C;C;INTER;34,2;34,2;0
634;MODRIC L.;C;C;MILAN;35,2;35,2;0
635;MORO N.;C;C;BOLOGNA;9,3;9,3;0
636;MUSAH Y.;C;C;MILAN;19,2;19,2;0
637;NDOUR C.;C;C;FIORENTINA;9,3;9,3;0
638;NIASSE C.;C;C;VERONA;10,2;10,2;0
639;ORDONEZ C.;C;C;PARMA;8,3;8,3;0
640;OUDIN R.;C;C;LECCE;8,3;8,3;0
641;PAFUNDI S.;C;C;UDINESE;5,3;5,3;0
643;PASALIC M.;C;C;ATALANTA;39,2;39,2;0
644;PAYERO M.;C;C;UDINESE;21,2;21,2;0
645;PAZ N.;C;C;COMO;40,2;40,2;0
646;PEJICIC D.;C;C;UDINESE;1,3;1,3;0
647;PELLEGRINI Lo.;C;C;ROMA;41,2;41,2;0
648;PERCIUN S.;C;C;TORINO;2,3;2,3;0
649;PERRONE M.;C;C;COMO;21,2;21,2;0
650;PICCININI G.;C;C;PISA;16,2;16,2;0
651;PIERRET B.;C;C;LECCE;12,2;12,2;0
705;PIOTROWSKI J.;C;C;UDINESE;7,3;7,3;0
652;PISILLI N.;C;C;ROMA;19,2;19,2;0
653;PLICCO E.;C;C;PARMA;1,3;1,3;0
654;POBEGA T.;C;C;BOLOGNA;18,2;18,2;0
655;PRATI M.;C;C;CAGLIARI;19,2;19,2;0
657;RAFIA H.;C;C;LECCE;5,3;5,3;0
658;RAMADANI Y.;C;C;LECCE;16,2;16,2;0
659;RICCI S.;C;C;MILAN;29,2;29,2;0
660;RICHARDSON A.;C;C;FIORENTINA;21,2;21,2;0
661;ROG M.;C;C;CAGLIARI;4,3;4,3;0
662;ROMANO A.;C;C;ROMA;1,3;1,3;0
663;ROVELLA N.;C;C;LAZIO;25,2;25,2;0
665;SABIRI A.;C;C;FIORENTINA;5,3;5,3;0
666;SAELEMAEKERS A.;C;C;MILAN;28,2;28,2;0
667;SAMARDZIC L.;C;C;ATALANTA;36,2;36,2;0
668;SERDAR S.;C;C;VERONA;19,2;19,2;0
669;SOHM S.;C;C;FIORENTINA;23,2;23,2;0
708;SORENSEN O.;C;C;PARMA;10,2;10,2;0
670;SOTTIL R.;C;C;LECCE;20,2;20,2;0
671;STANCIU N.;C;C;GENOA;12,2;12,2;0
673;SUCIC P.;C;C;INTER;25,2;25,2;0
674;SULEMANA;C;C;ATALANTA;16,2;16,2;0
675;SUSLOV T.;C;C;VERONA;18,2;18,2;0
676;TAMEZE A.;C;C;TORINO;18,2;18,2;0
677;THORSBY M.;C;C;GENOA;15,2;15,2;0
678;THORSTVEDT K.;C;C;SASSUOLO;32,2;32,2;0
679;THURAM K.;C;C;JUVENTUS;37,2;37,2;0
680;TOPALOVIC L.;C;C;INTER;1,3;1,3;0
681;TOURE Id.;C;C;PISA;18,2;18,2;0
682;TRAMONI M.;C;C;PISA;28,2;28,2;0
683;TRAORE C.;C;C;MILAN;1,3;1,3;0
684;URBANSKI K.;C;C;BOLOGNA;2,3;2,3;0
685;VALOTI M.;C;C;CREMONESE;16,2;16,2;0
686;VANDEPUTTE J.;C;C;CREMONESE;26,2;26,2;0
687;VECINO M.;C;C;LAZIO;21,2;21,2;0
688;VLASIC N.;C;C;TORINO;38,2;38,2;0
689;VOLPATO C.;C;C;SASSUOLO;23,2;23,2;0
690;VOS S.;C;C;MILAN;1,3;1,3;0
691;VURAL I.;C;C;PISA;6,3;6,3;0
697;ZALEWSKI N.;C;C;INTER;17,2;17,2;0
694;ZARRAGA O.;C;C;UDINESE;13,2;13,2;0
695;ZEROLI K.;C;C;MILAN;2,3;2,3;0
696;ZIELINSKI P.;C;C;INTER;29,2;29,2;0
972;ABOUKHLAL Z.;A;A;TORINO;21,1;21,1;0
800;ADAMS C.;A;A;TORINO;39,1;39,1;0
801;ADDAI J.;A;A;COMO;10,1;10,1;0
802;AFENA-GYAN F.;A;A;CREMONESE;5,4;5,4;0
803;AJAYI J.;A;A;VERONA;1,4;1,4;0
804;ALMQVIST P.;A;A;PARMA;13,1;13,1;0
805;ALVAREZ A.;A;A;SASSUOLO;11,1;11,1;0
806;AMBROSINO G.;A;A;NAPOLI;5,4;5,4;0
807;ANAS M.;A;A;PARMA;8,4;8,4;0
809;ARENA A.;A;A;PISA;15,1;15,1;0
966;ARENA AN.;A;A;ROMA;1,4;1,4;0
810;AZON I.;A;A;COMO;7,4;7,4;0
813;BANDA L.;A;A;LECCE;21,1;21,1;0
814;BAYO V.;A;A;UDINESE;4,4;4,4;0
967;BEGIC T.;A;A;PARMA;5,4;5,4;0
815;BELOTTI A.;A;A;COMO;19,1;19,1;0
816;BELTRAN L.;A;A;FIORENTINA;32,1;32,1;0
817;BENEDYCZAK A.;A;A;PARMA;7,4;7,4;0
818;BERARDI D.;A;A;SASSUOLO;48,1;48,1;0
819;BONAZZOLI F.;A;A;CREMONESE;24,1;24,1;0
820;BONFANTI N.;A;A;PISA;4,4;4,4;0
821;BONNY A.;A;A;INTER;31,1;31,1;0
822;BORRELLI G.;A;A;CAGLIARI;18,1;18,1;0
823;BRAAF J.;A;A;VERONA;2,4;2,4;0
824;BRAVO I.;A;A;UDINESE;8,4;8,4;0
825;BREKALO J.;A;A;FIORENTINA;10,1;10,1;0
826;BRENNER S.;A;A;UDINESE;10,1;10,1;0
827;BUFFON L.;A;A;PISA;1,4;1,4;0
828;BURNETE R.;A;A;LECCE;1,4;1,4;0
829;CAMARDA F.;A;A;LECCE;9,4;9,4;0
830;CAMBIAGHI N.;A;A;BOLOGNA;29,1;29,1;0
831;CANCELLIERI M.;A;A;LAZIO;15,1;15,1;0
833;CASTELLANOS V.;A;A;LAZIO;59,1;59,1;0
834;CASTRO S.;A;A;BOLOGNA;46,1;46,1;0
836;CERRI A.;A;A;COMO;5,4;5,4;0
837;CHARPENTIER G.;A;A;PARMA;8,4;8,4;0
838;CHEDDIRA W.;A;A;NAPOLI;6,4;6,4;0
840;COLOMBO L.;A;A;GENOA;24,1;24,1;0
968;CONCEICAO F.;A;A;JUVENTUS;37,1;37,1;0
842;CUTRONE P.;A;A;COMO;24,1;24,1;0
843;DALLINGA T.;A;A;BOLOGNA;26,1;26,1;0
844;DAMIAN PIZARRO;A;A;UDINESE;6,4;6,4;0
845;DAVID J.;A;A;JUVENTUS;73,1;73,1;0
846;DAVIS K.;A;A;UDINESE;19,1;19,1;0
847;DE KETELAERE C.;A;A;ATALANTA;47,1;47,1;0
848;DE LUCA M.;A;A;CREMONESE;25,1;25,1;0
850;DIA B.;A;A;LAZIO;53,1;53,1;0
851;DIAO A.;A;A;COMO;42,1;42,1;0
852;DJURIC M.;A;A;PARMA;24,1;24,1;0
853;DOMINGUEZ B.;A;A;BOLOGNA;18,1;18,1;0
854;DOUVIKAS T.;A;A;COMO;28,1;28,1;0
855;DOVBYK A.;A;A;ROMA;64,1;64,1;0
856;DYBALA P.;A;A;ROMA;61,1;61,1;0
857;DZEKO E.;A;A;FIORENTINA;44,1;44,1;0
858;EKHATOR J.;A;A;GENOA;8,4;8,4;0
859;EKUBAN C.;A;A;GENOA;19,1;19,1;0
860;ESPOSITO F.;A;A;INTER;9,4;9,4;0
861;ESPOSITO S.;A;A;CAGLIARI;24,1;24,1;0
862;FELICI M.;A;A;CAGLIARI;16,1;16,1;0
969;FERGUSON E.;A;A;ROMA;29,1;29,1;0
863;GABBIANI G.;A;A;CREMONESE;1,4;1,4;0
970;GABELLINI T.;A;A;TORINO;1,4;1,4;0
864;GABRIELLONI A.;A;A;COMO;14,1;14,1;0
865;GIMENEZ Santiago;A;A;MILAN;65,1;65,1;0
866;GIOVANE Do N.;A;A;VERONA;6,4;6,4;0
867;GONZALEZ N.;A;A;JUVENTUS;41,1;41,1;0
868;GUDMUNDSSON A.;A;A;FIORENTINA;48,1;48,1;0
869;IKONE J.;A;A;FIORENTINA;25,1;25,1;0
870;IMMOBILE C.;A;A;BOLOGNA;40,1;40,1;0
871;ISAKSEN G.;A;A;LAZIO;38,1;38,1;0
872;JOHNSEN D.;A;A;CREMONESE;24,1;24,1;0
873;JOUJOU A.;A;A;PARMA;3,4;3,4;0
874;KALLON Y.;A;A;VERONA;3,4;3,4;0
875;KARAMOH Y.;A;A;TORINO;14,1;14,1;0
876;KARLSSON J.;A;A;BOLOGNA;17,1;17,1;0
877;KEAN M.;A;A;FIORENTINA;75,1;75,1;0
973;KILICSOY S.;A;A;CAGLIARI;11,1;11,1;0
878;KOUAME C.;A;A;FIORENTINA;19,1;19,1;0
879;KOWALSKI M.;A;A;PARMA;1,4;1,4;0
880;KRSTOVIC N.;A;A;LECCE;39,1;39,1;0
881;KUHN N.;A;A;COMO;16,1;16,1;0
882;LAMBOURDE M.;A;A;VERONA;4,4;4,4;0
883;LANG N.;A;A;NAPOLI;43,1;43,1;0
884;LASAGNA K.;A;A;VERONA;5,4;5,4;0
885;LAURIENTE A.;A;A;SASSUOLO;38,1;38,1;0
886;LEAO R.;A;A;MILAN;73,1;73,1;0
887;LIND A.;A;A;PISA;23,1;23,1;0
888;LIVRAMENTO D.;A;A;VERONA;13,1;13,1;0
889;LOOKMAN A.;A;A;ATALANTA;73,1;73,1;0
890;LUCCA L.;A;A;NAPOLI;52,1;52,1;0
891;LUKAKU R.;A;A;NAPOLI;77,1;77,1;0
892;LUNA A.;A;A;VERONA;1,4;1,4;0
893;LUVUMBO S.;A;A;CAGLIARI;28,1;28,1;0
895;MARTINEZ L.;A;A;INTER;84,1;84,1;0
897;MEISTER H.;A;A;PISA;13,1;13,1;0
899;MILIK A.;A;A;JUVENTUS;10,1;10,1;0
900;MLAKAR J.;A;A;PISA;4,4;4,4;0
974;MORATA A.;A;A;COMO;61,1;61,1;0
901;MORENTE T.;A;A;LECCE;19,1;19,1;0
902;MOREO S.;A;A;PISA;22,1;22,1;0
903;MORO L.;A;A;SASSUOLO;23,1;23,1;0
904;MORUTAN O.;A;A;PISA;3,4;3,4;0
905;MOSQUERA D.;A;A;VERONA;24,1;24,1;0
906;MULATTIERI S.;A;A;SASSUOLO;20,1;20,1;0
908;NASTI M.;A;A;CREMONESE;11,1;11,1;0
910;N'DRI K.;A;A;LECCE;15,1;15,1;0
911;NERES D.;A;A;NAPOLI;45,1;45,1;0
912;NGONGE C.;A;A;TORINO;25,1;25,1;0
913;NJIE F.;A;A;TORINO;1,4;1,4;0
914;NOSLIN T.;A;A;LAZIO;28,1;28,1;0
915;NZOLA M.;A;A;PISA;26,1;26,1;0
916;ODGAARD J.;A;A;BOLOGNA;21,1;21,1;0
917;OKAFOR N.;A;A;MILAN;27,1;27,1;0
918;OKEREKE D.;A;A;CREMONESE;9,4;9,4;0
919;ONDREJKA J.;A;A;PARMA;27,1;27,1;0
920;ORSOLINI R.;A;A;BOLOGNA;57,1;57,1;0
923;PAVOLETTI L.;A;A;CAGLIARI;17,1;17,1;0
924;PEDRO;A;A;LAZIO;35,1;35,1;0
926;PELLEGRINO M.;A;A;PARMA;34,1;34,1;0
927;PICCOLI R.;A;A;CAGLIARI;40,1;40,1;0
928;PIERINI N.;A;A;SASSUOLO;25,1;25,1;0
929;PIEROTTI S.;A;A;LECCE;17,1;17,1;0
930;PINAMONTI A.;A;A;SASSUOLO;41,1;41,1;0
931;POLITANO M.;A;A;NAPOLI;44,1;44,1;0
932;PRELEC N.;A;A;CAGLIARI;4,4;4,4;0
933;PUGNO D.;A;A;JUVENTUS;1,4;1,4;0
934;PULISIC C.;A;A;MILAN;56,1;56,1;0
937;RODRIGUEZ J.;A;A;COMO;17,1;17,1;0
939;SANABRIA A.;A;A;TORINO;24,1;24,1;0
940;SARR A.;A;A;VERONA;25,1;25,1;0
941;SAVVA Z.;A;A;TORINO;1,4;1,4;0
942;SCAMACCA G.;A;A;ATALANTA;63,1;63,1;0
943;SIMEONE G.;A;A;TORINO;33,1;33,1;0
944;SKJELLERUP L.;A;A;SASSUOLO;1,4;1,4;0
946;SOULE M.;A;A;ROMA;49,1;49,1;0
947;SULEMANA K.;A;A;ATALANTA;22,1;22,1;0
948;TAREMI M.;A;A;INTER;22,1;22,1;0
951;THURAM M.;A;A;INTER;75,1;75,1;0
952;TOURE El Bilal;A;A;ATALANTA;15,1;15,1;0
954;TSADJOUT F.;A;A;CREMONESE;8,4;8,4;0
955;VAZQUEZ F.;A;A;CREMONESE;18,1;18,1;0
956;VENTURINO L.;A;A;GENOA;3,4;3,4;0
958;VIGNATO E.;A;A;PISA;18,1;18,1;0
959;VINCIGUERRA A.;A;A;CAGLIARI;1,4;1,4;0
960;VITINHA;A;A;GENOA;27,1;27,1;0
961;VLAHOVIC D.;A;A;JUVENTUS;60,1;60,1;0
962;YILDIZ K.;A;A;JUVENTUS;54,1;54,1;0
963;ZACCAGNI M.;A;A;LAZIO;44,1;44,1;0
964;ZAPATA D.;A;A;TORINO;59,1;59,1;0
965;ZERBIN A.;A;A;CREMONESE;10,1;10,1;0
